# lap_count, lap_success, laptime, completion, NA, NA, aveTrackErr, Computation_time
1.000000  ,1.000000  ,29.200000 ,100.000000,0.000000  ,0.000000  ,0.033320  ,1.216803  
2.000000  ,1.000000  ,28.800000 ,100.000000,0.000000  ,0.000000  ,0.031001  ,1.176032  
3.000000  ,1.000000  ,28.780000 ,100.000000,0.000000  ,0.000000  ,0.031363  ,1.167838  
4.000000  ,1.000000  ,28.780000 ,100.000000,0.000000  ,0.000000  ,0.031037  ,1.170464  
5.000000  ,1.000000  ,28.780000 ,100.000000,0.000000  ,0.000000  ,0.031164  ,1.173509  
