# lap_count, lap_success, laptime, completion, NA, NA, aveTrackErr, Computation_time
1.000000  ,1.000000  ,32.640000 ,100.000000,0.000000  ,0.000000  ,0.025203  ,1.359213  
2.000000  ,1.000000  ,32.220000 ,100.000000,0.000000  ,0.000000  ,0.023837  ,1.343352  
3.000000  ,1.000000  ,32.200000 ,100.000000,0.000000  ,0.000000  ,0.023826  ,1.362183  
4.000000  ,1.000000  ,32.220000 ,100.000000,0.000000  ,0.000000  ,0.023672  ,1.361220  
5.000000  ,1.000000  ,32.240000 ,100.000000,0.000000  ,0.000000  ,0.024168  ,1.348808  
