# lap_count, lap_success, laptime, completion, NA, NA, aveTrackErr, Computation_time
1.000000  ,1.000000  ,32.640000 ,100.000000,0.000000  ,0.000000  ,0.012583  ,1.443915  
2.000000  ,1.000000  ,32.220000 ,100.000000,0.000000  ,0.000000  ,0.011919  ,1.404639  
3.000000  ,1.000000  ,32.200000 ,100.000000,0.000000  ,0.000000  ,0.011913  ,1.416893  
4.000000  ,1.000000  ,32.220000 ,100.000000,0.000000  ,0.000000  ,0.011836  ,1.412322  
5.000000  ,1.000000  ,32.240000 ,100.000000,0.000000  ,0.000000  ,0.012084  ,1.404712  
