# lap_count, lap_success, laptime, completion, NA, NA, aveTrackErr, Computation_time
1.000000  ,1.000000  ,28.980000 ,100.000000,0.000000  ,0.000000  ,0.030860  ,1.192571  
2.000000  ,1.000000  ,28.560000 ,100.000000,0.000000  ,0.000000  ,0.029981  ,1.175701  
3.000000  ,1.000000  ,28.580000 ,100.000000,0.000000  ,0.000000  ,0.030526  ,1.178506  
4.000000  ,1.000000  ,28.560000 ,100.000000,0.000000  ,0.000000  ,0.030376  ,1.183336  
5.000000  ,1.000000  ,28.580000 ,100.000000,0.000000  ,0.000000  ,0.029228  ,1.177527  
