# lap_count, lap_success, laptime, completion, NA, NA, aveTrackErr, Computation_time
1.000000  ,1.000000  ,25.940000 ,100.000000,0.000000  ,0.000000  ,0.030484  ,1.049446  
2.000000  ,1.000000  ,25.520000 ,100.000000,0.000000  ,0.000000  ,0.029512  ,1.025331  
3.000000  ,1.000000  ,25.540000 ,100.000000,0.000000  ,0.000000  ,0.029816  ,1.023781  
4.000000  ,1.000000  ,25.520000 ,100.000000,0.000000  ,0.000000  ,0.029800  ,1.020211  
5.000000  ,1.000000  ,25.520000 ,100.000000,0.000000  ,0.000000  ,0.029300  ,1.024086  
