# lap_count, lap_success, laptime, completion, NA, NA, aveTrackErr, Computation_time
1.000000  ,1.000000  ,28.980000 ,100.000000,0.000000  ,0.000000  ,0.015412  ,1.243687  
2.000000  ,1.000000  ,28.560000 ,100.000000,0.000000  ,0.000000  ,0.014990  ,1.234162  
3.000000  ,1.000000  ,28.580000 ,100.000000,0.000000  ,0.000000  ,0.015263  ,1.249506  
4.000000  ,1.000000  ,28.560000 ,100.000000,0.000000  ,0.000000  ,0.015188  ,1.237504  
5.000000  ,1.000000  ,28.580000 ,100.000000,0.000000  ,0.000000  ,0.014614  ,1.247249  
