# lap_count, lap_success, laptime, completion, NA, NA, aveTrackErr, Computation_time
1.000000  ,1.000000  ,37.640000 ,100.000000,0.000000  ,0.000000  ,0.013694  ,1.649678  
2.000000  ,1.000000  ,37.200000 ,100.000000,0.000000  ,0.000000  ,0.013491  ,1.647310  
3.000000  ,1.000000  ,37.220000 ,100.000000,0.000000  ,0.000000  ,0.013616  ,1.640559  
4.000000  ,1.000000  ,37.200000 ,100.000000,0.000000  ,0.000000  ,0.013281  ,1.651022  
5.000000  ,1.000000  ,37.200000 ,100.000000,0.000000  ,0.000000  ,0.013448  ,1.641925  
