# lap_count, lap_success, laptime, completion, NA, NA, aveTrackErr, Computation_time
1.000000  ,1.000000  ,37.640000 ,100.000000,0.000000  ,0.000000  ,0.027395  ,1.580978  
2.000000  ,1.000000  ,37.200000 ,100.000000,0.000000  ,0.000000  ,0.026982  ,1.561304  
3.000000  ,1.000000  ,37.220000 ,100.000000,0.000000  ,0.000000  ,0.027232  ,1.558075  
4.000000  ,1.000000  ,37.200000 ,100.000000,0.000000  ,0.000000  ,0.026562  ,1.559226  
5.000000  ,1.000000  ,37.200000 ,100.000000,0.000000  ,0.000000  ,0.026896  ,1.565818  
