# lap_count, lap_success, laptime, completion, NA, NA, aveTrackErr, Computation_time
1.000000  ,1.000000  ,33.900000 ,100.000000,0.000000  ,0.000000  ,0.036788  ,1.383166  
2.000000  ,1.000000  ,33.520000 ,100.000000,0.000000  ,0.000000  ,0.036992  ,1.349390  
3.000000  ,1.000000  ,33.500000 ,100.000000,0.000000  ,0.000000  ,0.037397  ,1.379320  
4.000000  ,1.000000  ,33.480000 ,100.000000,0.000000  ,0.000000  ,0.037400  ,1.378539  
5.000000  ,1.000000  ,33.520000 ,100.000000,0.000000  ,0.000000  ,0.037724  ,1.369364  
